"Source Row","Tier","Institution","Crawler Hub","Directory"
"5","","HCA HealthCare","https://hcahealthcaregme.com/","DIRECTORY NOT AVAILABLE"
"6","Tier 2","Icahn School of Medicine at Mount Sinai","https://icahn.mssm.edu/","https://icahn.mssm.edu/find-a-faculty"
"7","Tier 1","New York-Presbyterian","https://www.nyp.org/","DIRECTORY NOT AVAILABLE"
"8","Tier 1","Massachusetts General Brigham","https://www.massgeneralbrigham.org/","https://www.massgeneralbrigham.org/en/search/doctors"
"9","","UPMC","https://www.upmc.com/","https://providers.upmc.com/"
"11","Tier 1","UCSF","https://www.ucsf.edu/","https://directory.ucsf.edu/"
"12","Tier 3+","Mayo Clinic","https://www.mayoclinic.org/","https://www.mayoclinic.org/appointments/find-a-doctor"
"13","Tier 2","NYU","https://med.nyu.edu/","DIRECTORY NOT AVAILABLE"
"14","Tier 3+","Rutgers","https://www.rutgers.edu/","https://search.rutgers.edu/people.html"
"15","Tier 1","Baylor College of Medicine","https://www.bcm.edu/","https://www.bcm.edu/resource-links/find-a-person"
"16","Tier 1","Case Western/UHH","https://www.uhhospitals.org/","https://www.uhhospitals.org/doctors"
"17","","Stanford","https://med.stanford.edu/","https://med.stanford.edu/profiles/"
"18","Tier 1","UT Southwestern","https://www.utsouthwestern.edu/","https://utswmed.org/doctors/"
"19","Tier 1","LSU","https://www.lsuhsc.edu/","https://www.lsuhsc.edu/directory/"
"20","Tier 1","Corewell Health","https://corewellhealth.org/","DIRECTORY NOT AVAILABLE"
"21","Tier 1","University of Pennsylvania","https://www.pennmedicine.org/","https://directory.apps.upenn.edu/directory/jsp/fast.do"
"22","","University of Washington","https://www.washington.edu/","https://www.washington.edu/home/peopledir/"
"23","Tier 2","University of Miami","https://graduate.jacksonhealth.org/","DIRECTORY NOT AVAILABLE"
"24","","Cleveland Clinic","https://my.clevelandclinic.org/","https://my.clevelandclinic.org/staff"
"25","Tier 3+","Michigan","https://medicine.umich.edu/","https://mcommunity.umich.edu/"
"26","Tier 3+","UCLA","https://www.uclahealth.org/","https://directory.ucla.edu/"
"27","Tier 1","Indiana University","https://medicine.iu.edu/","https://directory.iu.edu/"
"28","Tier 2","Washington University - STL","https://medicine.wustl.edu/","https://directory.wustl.edu/"
"29","","Albert Einstein/Montefiore Medical Center","https://einsteinmed.edu/","DIRECTORY NOT AVAILABLE"
"30","Tier 2","Yale","https://medicine.yale.edu/","https://directory.yale.edu/"
"31","","University of Tennessee","https://www.uthsc.edu/","DIRECTORY NOT AVAILABLE"
"32","Tier 2","Emory University","https://med.emory.edu/","DIRECTORY NOT AVAILABLE"
"33","","University of Illinois","https://medicine.uic.edu/","DIRECTORY NOT AVAILABLE"
"34","Tier 1","Johns Hopkins University","https://www.hopkinsmedicine.org/","DIRECTORY NOT AVAILABLE"
"35","Tier 3+","University of Colorado","https://medschool.cuanschutz.edu/","DIRECTORY NOT AVAILABLE"
"36","Tier 2","UT Health","https://www.uth.edu/","DIRECTORY NOT AVAILABLE"
"37","Tier 1","Wayne State/DMC","https://www.dmc.org/","DIRECTORY NOT AVAILABLE"
"38","","Northwestern University","https://www.feinberg.northwestern.edu/","DIRECTORY NOT AVAILABLE"
"39","Tier 2","Ohio State University","https://medicine.osu.edu/","https://www.osu.edu/findpeople/"
"40","Tier 3+","University of Alabama","https://www.uab.edu/medicine/","https://www.uab.edu/directory/"
"41","Tier 1","University of Arizona","https://medicine.arizona.edu/","DIRECTORY NOT AVAILABLE"
"42","Tier 1","MedStar","https://www.medstarhealth.org/","https://www.medstarhealth.org/doctors"
"43","Tier 2","Duke University Hospital","https://medschool.duke.edu/","DIRECTORY NOT AVAILABLE"
"44","Tier 3+","Vanderbilt University","https://www.vumc.org/","DIRECTORY NOT AVAILABLE"
"45","Tier 3+","University of Southern California","https://keck.usc.edu/","https://uscdirectory.usc.edu/web/directory/faculty-staff/"
"46","Tier 2","Thomas Jefferson University","https://www.jefferson.edu/","DIRECTORY NOT AVAILABLE"
"47","Tier 3+","Henry Ford","https://www.henryford.com/","https://www.henryford.com/physician-directory"
"48","Tier 1","UAMS","https://medicine.uams.edu/","DIRECTORY NOT AVAILABLE"
"49","Tier 3+","SUNY Downstate","https://www.downstate.edu/","DIRECTORY NOT AVAILABLE"
"50","Tier 2","University of Maryland","https://www.medschool.umaryland.edu/","https://cfapps.umaryland.edu/directory/"
"51","","University of Minnesota","https://med.umn.edu/","DIRECTORY NOT AVAILABLE"
"52","Tier 1","University of Chicago","https://www.uchicagomedicine.org/","https://directory.uchicago.edu/"
"53","Tier 1","University of North Carolina","https://www.med.unc.edu/","https://directory.unc.edu/"
"54","","UC San Diego","https://medschool.ucsd.edu/","DIRECTORY NOT AVAILABLE"
"55","Tier 3+","MCWAH","https://www.mcw.edu/","DIRECTORY NOT AVAILABLE"
"56","Tier 3+","Brown University","https://medical.brown.edu/","DIRECTORY NOT AVAILABLE"
"57","","University of Utah","https://medicine.utah.edu/","https://people.utah.edu/"
"58","","OHSU","https://www.ohsu.edu/","DIRECTORY NOT AVAILABLE"
"59","","KU Med","https://www.kansashealthsystem.com/","https://directory.ku.edu/"
"60","","Loma Linda","https://lluh.org/","DIRECTORY NOT AVAILABLE"
"61","Tier 1","Baylor Scott & White","https://www.bswhealth.com/","https://www.bswhealth.com/find-care"
"62","Tier 2","University of Florida-Gainesville","https://med.ufl.edu/","https://directory.ufl.edu/"
"63","Tier 1","MUSC","https://www.musc.edu/","DIRECTORY NOT AVAILABLE"
"64","Tier 2","University of Kentucky","https://medicine.uky.edu/","https://medicine.uky.edu/users"
"65","Tier 1","URMC","https://www.urmc.rochester.edu/","https://www.urmc.rochester.edu/people/search"
"66","","UTHSCSA","https://uthscsa.edu/","https://directory.uthscsa.edu/"
"67","","Kaiser Permanente","https://healthy.kaiserpermanente.org/","https://healthy.kaiserpermanente.org/doctors-locations"
"68","Tier 2","University of Wisconsin","https://www.med.wisc.edu/","https://www.wisc.edu/directories/"
"69","Tier 2","VCU","https://medschool.vcu.edu/","https://phonebook.vcu.edu/"
"70","Tier 2","Beth Israel Deaconess Medical Center","https://www.bidmc.org/","https://findadoc.bidmc.org/"
"71","Tier 3+","University of Oklahoma","https://medicine.ouhsc.edu/","https://directory.ouhsc.edu/"
"72","Tier 1","Texas Tech University","https://www.ttuhsc.edu/","DIRECTORY NOT AVAILABLE"
"73","","University of Iowa","https://medicine.uiowa.edu/","https://iam.uiowa.edu/whitepages/search"
"74","Tier 3+","University at Buffalo","https://medicine.buffalo.edu/","DIRECTORY NOT AVAILABLE"
"75","Tier 3+","UC Davis","https://health.ucdavis.edu/","https://directory.ucdavis.edu/"
"76","Tier 2","Rush University","https://www.rushu.rush.edu/","https://doctors.rush.edu/"
"77","Tier 1","University of Virginia","https://med.virginia.edu/","DIRECTORY NOT AVAILABLE"
"78","Tier 3+","Wake Forest University","https://school.wakehealth.edu/","DIRECTORY NOT AVAILABLE"
"79","Tier 3+","USF","https://health.usf.edu/medicine/","DIRECTORY NOT AVAILABLE"
"80","Tier 3+","Hackensack Meridian Health","https://www.hackensackmeridianhealth.org/","https://doctors.hackensackmeridianhealth.org/"
"81","Tier 3+","University of Louisville","https://louisville.edu/medicine/","https://louisville.edu/directory/"
"82","Tier 3+","UC Irvine","https://medschool.uci.edu/","https://directory.uci.edu/"
"83","Tier 1","University of New Mexico","https://hsc.unm.edu/medicine/","https://directory.unm.edu/public/"
"84","Tier 3+","Loyola University","https://www.loyolamedicine.org/","DIRECTORY NOT AVAILABLE"
"85","Tier 2","Penn State","https://med.psu.edu/","https://directory.psu.edu/"
"86","","Prisma Health","https://www.prismahealth.org/","https://doctors.prismahealth.org/"
"87","","NYC Health","https://www.nychealthandhospitals.org/","https://www.nychealthandhospitals.org/doctors/"
"88","Tier 3+","SUNY at Stony Brook","https://renaissance.stonybrookmedicine.edu/","https://www.stonybrook.edu/search/people/"
"89","Tier 2","Temple University Hospital","https://medicine.temple.edu/","DIRECTORY NOT AVAILABLE"
"90","","Ascension Health","https://healthcare.ascension.org/","https://healthcare.ascension.org/find-care"
"91","Tier 1","University of Cincinnati","https://www.med.uc.edu/","DIRECTORY NOT AVAILABLE"
"92","Tier 2","SUNY Upstate","https://www.upstate.edu/gme/","DIRECTORY NOT AVAILABLE"
"93","","UTMB","https://www.utmb.edu/","DIRECTORY NOT AVAILABLE"
"94","","University of Mississippi","https://www.umc.edu/","DIRECTORY NOT AVAILABLE"
"95","Tier 3+","Boston University","https://www.bumc.bu.edu/","https://www.bu.edu/directory/"
"96","","University of Nebraska","https://www.unmc.edu/","https://nebraska.edu/directory"
"97","","University of Connecticut","https://health.uconn.edu/","https://phonebook.uconn.edu/"
"98","","National Capital Consortium","https://medschool.usuhs.edu/","DIRECTORY NOT AVAILABLE"
"99","","St. Louis University","https://www.slu.edu/medicine/","DIRECTORY NOT AVAILABLE"
"101","","University of Massachusetts","https://www.umassmed.edu/","https://www.umassmed.edu/directory/"
"102","","Advocate Health","https://www.advocatehealth.com/","https://www.advocatehealth.com/find-a-doctor"
"103","Tier 3+","UMKC","https://med.umkc.edu/","https://net3.umkc.edu/intapps/lookup"
"104","Tier 3+","Creighton University","https://www.creighton.edu/medicine/","DIRECTORY NOT AVAILABLE"
"105","","Naval Medical Center","https://health.mil/","DIRECTORY NOT AVAILABLE"
"106","","SAUSHEC","https://health.mil/","DIRECTORY NOT AVAILABLE"
"107","Tier 3+","Mercy Health","https://www.mercyhealth.com/","DIRECTORY NOT AVAILABLE"
"108","Tier 3+","University of Missouri","https://medicine.missouri.edu/","DIRECTORY NOT AVAILABLE"
"109","","West Virginia University","https://medicine.hsc.wvu.edu/","https://directory.hsc.wvu.edu/"
"110","","Tulane University","https://medicine.tulane.edu/","DIRECTORY NOT AVAILABLE"
"111","Tier 2","Geisinger Health","https://www.geisinger.org/","DIRECTORY NOT AVAILABLE"
"112","","Trinity Health","https://www.trinity-health.org/","DIRECTORY NOT AVAILABLE"
"113","Tier 3+","Allegheny Health","https://www.ahn.org/","DIRECTORY NOT AVAILABLE"
"114","","UCF","https://med.ucf.edu/","DIRECTORY NOT AVAILABLE"
"115","Tier 3+","Tufts Medical Center","https://www.tuftsmedicine.org/","https://www.tuftsmedicine.org/find-a-doctor"
"116","","Dignity Health","https://www.dignityhealth.org/","https://www.dignityhealth.org/ourdoctors"
"117","","Harbor-UCLA","https://www.harbor-ucla.org/","https://www.uclahealth.org/providers"
"118","","Einstein Health","https://www.jeffersonhealth.org/","https://www.jeffersonhealth.org/find-a-doctor"
"119","Tier 3+","Albany Medical Center","https://www.amc.edu/","DIRECTORY NOT AVAILABLE"
"120","","RWJBarnabas Health","https://www.rwjbh.org/","https://www.rwjbh.org/doctors/"
"121","","Boston Children's Hospital","https://www.childrenshospital.org/","https://www.childrenshospital.org/directory"
"122","","University of Nevada","https://www.unlv.edu/medicine/","DIRECTORY NOT AVAILABLE"
"123","Tier 3+","GWU","https://smhs.gwu.edu/","DIRECTORY NOT AVAILABLE"
"124","","Maimonides Medical Center","https://maimo.org/","https://maimo.org/find-a-doctor"
"125","Tier 2","Dartmouth-Hitchcock","https://www.dartmouth-hitchcock.org/","DIRECTORY NOT AVAILABLE"
"126","","Mclaren HealthCare","https://www.mclaren.org/","DIRECTORY NOT AVAILABLE"
"127","Tier 3+","Cedars Sinai","https://www.cedars-sinai.edu/","DIRECTORY NOT AVAILABLE"
"128","Tier 3+","Westchester Medical Center","https://www.wmchealth.org/","https://www.wmchealth.org/find-a-doctor"
"129","Tier 3+","Cooper Hospital","https://www.cooperhealth.edu/","https://www.cooperhealth.org/doctors"
"132","Tier 3+","UMMS-Baystate","https://www.baystatehealth.org/","DIRECTORY NOT AVAILABLE"
"133","","Cook County Health","https://cookcountyhealth.org/","DIRECTORY NOT AVAILABLE"
"134","","St. Luke's","https://www.slhn.org/","DIRECTORY NOT AVAILABLE"
"135","","Presence Health","https://healthcare.ascension.org/","https://healthcare.ascension.org/find-care"
"136","Tier 1","Eastern Virginia Medical School","https://www.odu.edu/medicine","https://www.odu.edu/directory"
"137","","Wright State University","https://medicine.wright.edu/","https://www.wright.edu/directories"
"138","","University of Florida-Jacksonville","https://med.jax.ufl.edu/","https://directory.ufl.edu/"
"139","","UT Dell Medical Center","https://dellmed.utexas.edu/","DIRECTORY NOT AVAILABLE"
"140","","Ohio Health","https://www.ohiohealth.com/","https://www.ohiohealth.com/find-a-doctor"
"141","","East Carolina University","https://medicine.ecu.edu/","DIRECTORY NOT AVAILABLE"
"142","","Campbell University","https://medicine.campbell.edu/","https://directory.campbell.edu/"
"143","","Cincinnati Children's Hospital","https://www.cincinnatichildrens.org/","DIRECTORY NOT AVAILABLE"
"144","Tier 2","Carolinas Medical Center","https://atriumhealth.org/","DIRECTORY NOT AVAILABLE"
"145","Tier 3+","University of Toledo","https://www.utoledo.edu/med/","https://www.utoledo.edu/edirectory/"
"146","","UC Riverside","https://medschool.ucr.edu/","https://profiles.ucr.edu/"
"147","Tier 3+","Oklahoma State University","https://medicine.okstate.edu/","https://directory.okstate.edu/"
"148","","Houston Methodist","https://www.houstonmethodist.org/","https://www.houstonmethodist.org/doctor/"
"149","","Larkin Community Hospital","https://www.larkinhospital.com/","DIRECTORY NOT AVAILABLE"
"150","","University of Vermont","https://www.uvmhealth.org/","https://www.uvm.edu/directory"
"151","Tier 2","Tower Health","https://towerhealth.org/","https://towerhealth.org/providers"
"152","","Lehigh Valley","https://www.lvhn.org/","https://www.lvhn.org/doctors"
"153","","Nassau University","https://www.numc.edu/","DIRECTORY NOT AVAILABLE"
"154","","Ochsner Clinic","https://www.ochsner.org/","https://www.ochsner.org/doctors"
"155","","Carilion Clinic","https://medicine.vtc.vt.edu/","DIRECTORY NOT AVAILABLE"
"156","","Bronx-Lebanon Hospital Center","https://www.bronxcare.org/","DIRECTORY NOT AVAILABLE"
"157","","Atlantic Health","https://www.atlantichealth.org/","DIRECTORY NOT AVAILABLE"
"158","","University of South Alabama","https://www.southalabama.edu/colleges/com/","https://jagaspx2.southalabama.edu/dirscan/"
"159","","Nuvance Health","https://learning.nuvancehealth.org/","DIRECTORY NOT AVAILABLE"
"160","","Orlando Health","https://www.orlandohealth.com/","DIRECTORY NOT AVAILABLE"


